Workbook

Sheet MAU
A1: month | B1: mm | C1: count
A2: =MONTH(B2) -> 7 | B2: 44743 | C2: 259
A3: =MONTH(B3) -> 8 | B3: 44774 | C3: 235
A4: =MONTH(B4) -> 9 | B4: 44805 | C4: 257
A5: =MONTH(B5) -> 10 | B5: 44835 | C5: 263
A6: =MONTH(B6) -> 11 | B6: 44866 | C6: 255
A7: =MONTH(B7) -> 12 | B7: 44896 | C7: 255
A8: =MONTH(B8) -> 1 | B8: 44927 | C8: 415
A9: =MONTH(B9) -> 2 | B9: 44958 | C9: 458
A10: =MONTH(B10) -> 3 | B10: 44986 | C10: 681

Sheet WAU
B1: week | C1: count
A2: =_xlfn.ISOWEEKNUM(B2) -> 26 | B2: 44739 | C2: 20
A3: =_xlfn.ISOWEEKNUM(B3) -> 27 | B3: 44746 | C3: 67
A4: =_xlfn.ISOWEEKNUM(B4) -> 28 | B4: 44753 | C4: 49
A5: =_xlfn.ISOWEEKNUM(B5) -> 29 | B5: 44760 | C5: 61
A6: =_xlfn.ISOWEEKNUM(B6) -> 30 | B6: 44767 | C6: 62
A7: =_xlfn.ISOWEEKNUM(B7) -> 31 | B7: 44774 | C7: 45
A8: =_xlfn.ISOWEEKNUM(B8) -> 32 | B8: 44781 | C8: 65
A9: =_xlfn.ISOWEEKNUM(B9) -> 33 | B9: 44788 | C9: 55
A10: =_xlfn.ISOWEEKNUM(B10) -> 34 | B10: 44795 | C10: 51
A11: =_xlfn.ISOWEEKNUM(B11) -> 35 | B11: 44802 | C11: 54
A12: =_xlfn.ISOWEEKNUM(B12) -> 36 | B12: 44809 | C12: 57
A13: =_xlfn.ISOWEEKNUM(B13) -> 37 | B13: 44816 | C13: 74
... A41: =_xlfn.ISOWEEKNUM(B41) -> 13 | B41: 45012 | C41: 84

Sheet DAU
A1: day | B1: DAU
A2: 44743 | B2: 7
A3: 44744 | B3: 7
A4: 44745 | B4: 6
A5: 44746 | B5: 14
A6: 44747 | B6: 8
A7: 44748 | B7: 8
A8: 44749 | B8: 10
A9: 44750 | B9: 14
A10: 44751 | B10: 6
A11: 44752 | B11: 7
A12: 44753 | B12: 5
A13: 44754 | B13: 7
... A274: 45015 | B274: 20

Sheet Визуализация
A1: month | B1: week | C1: day | D1: DAU | E1: WAU | F1: MAU | G1: SF (week) | H1: SF (month)
A2: =MONTH(C2) -> 7 | B2: =_xlfn.ISOWEEKNUM(C2) -> 26 | C2: 44743 | D2: 7 | E2: =VLOOKUP(B2,WAU!A:C,3,) -> 20 | F2: =VLOOKUP(A2,MAU!A:C,3,) -> 259 | G2: =D2/E2 -> 0.35 | H2: =D2/F2 -> 0.027027027
A3: =MONTH(C3) -> 7 | B3: =_xlfn.ISOWEEKNUM(C3) -> 26 | C3: 44744 | D3: 7 | E3: =VLOOKUP(B3,WAU!A:C,3,) -> 20 | F3: =VLOOKUP(A3,MAU!A:C,3,) -> 259 | G3: =D3/E3 -> 0.35 | H3: =D3/F3 -> 0.027027027
A4: =MONTH(C4) -> 7 | B4: =_xlfn.ISOWEEKNUM(C4) -> 26 | C4: 44745 | D4: 6 | E4: =VLOOKUP(B4,WAU!A:C,3,) -> 20 | F4: =VLOOKUP(A4,MAU!A:C,3,) -> 259 | G4: =D4/E4 -> 0.3 | H4: =D4/F4 -> 0.023166023
A5: =MONTH(C5) -> 7 | B5: =_xlfn.ISOWEEKNUM(C5) -> 27 | C5: 44746 | D5: 14 | E5: =VLOOKUP(B5,WAU!A:C,3,) -> 67 | F5: =VLOOKUP(A5,MAU!A:C,3,) -> 259 | G5: =D5/E5 -> 0.20895522 | H5: =D5/F5 -> 0.054054054
A6: =MONTH(C6) -> 7 | B6: =_xlfn.ISOWEEKNUM(C6) -> 27 | C6: 44747 | D6: 8 | E6: =VLOOKUP(B6,WAU!A:C,3,) -> 67 | F6: =VLOOKUP(A6,MAU!A:C,3,) -> 259 | G6: =D6/E6 -> 0.11940299 | H6: =D6/F6 -> 0.030888031
A7: =MONTH(C7) -> 7 | B7: =_xlfn.ISOWEEKNUM(C7) -> 27 | C7: 44748 | D7: 8 | E7: =VLOOKUP(B7,WAU!A:C,3,) -> 67 | F7: =VLOOKUP(A7,MAU!A:C,3,) -> 259 | G7: =D7/E7 -> 0.11940299 | H7: =D7/F7 -> 0.030888031
A8: =MONTH(C8) -> 7 | B8: =_xlfn.ISOWEEKNUM(C8) -> 27 | C8: 44749 | D8: 10 | E8: =VLOOKUP(B8,WAU!A:C,3,) -> 67 | F8: =VLOOKUP(A8,MAU!A:C,3,) -> 259 | G8: =D8/E8 -> 0.14925373 | H8: =D8/F8 -> 0.038610039
A9: =MONTH(C9) -> 7 | B9: =_xlfn.ISOWEEKNUM(C9) -> 27 | C9: 44750 | D9: 14 | E9: =VLOOKUP(B9,WAU!A:C,3,) -> 67 | F9: =VLOOKUP(A9,MAU!A:C,3,) -> 259 | G9: =D9/E9 -> 0.20895522 | H9: =D9/F9 -> 0.054054054
A10: =MONTH(C10) -> 7 | B10: =_xlfn.ISOWEEKNUM(C10) -> 27 | C10: 44751 | D10: 6 | E10: =VLOOKUP(B10,WAU!A:C,3,) -> 67 | F10: =VLOOKUP(A10,MAU!A:C,3,) -> 259 | G10: =D10/E10 -> 0.089552239 | H10: =D10/F10 -> 0.023166023
A11: =MONTH(C11) -> 7 | B11: =_xlfn.ISOWEEKNUM(C11) -> 27 | C11: 44752 | D11: 7 | E11: =VLOOKUP(B11,WAU!A:C,3,) -> 67 | F11: =VLOOKUP(A11,MAU!A:C,3,) -> 259 | G11: =D11/E11 -> 0.10447761 | H11: =D11/F11 -> 0.027027027
A12: =MONTH(C12) -> 7 | B12: =_xlfn.ISOWEEKNUM(C12) -> 28 | C12: 44753 | D12: 5 | E12: =VLOOKUP(B12,WAU!A:C,3,) -> 49 | F12: =VLOOKUP(A12,MAU!A:C,3,) -> 259 | G12: =D12/E12 -> 0.10204082 | H12: =D12/F12 -> 0.019305019
A13: =MONTH(C13) -> 7 | B13: =_xlfn.ISOWEEKNUM(C13) -> 28 | C13: 44754 | D13: 7 | E13: =VLOOKUP(B13,WAU!A:C,3,) -> 49 | F13: =VLOOKUP(A13,MAU!A:C,3,) -> 259 | G13: =D13/E13 -> 0.14285714 | H13: =D13/F13 -> 0.027027027
... A74: =MONTH(C74) -> 9 | B74: =_xlfn.ISOWEEKNUM(C74) -> 36 | C74: 44815 | D74: 5 | E74: =VLOOKUP(B74,WAU!A:C,3,) -> 57 | F74: =VLOOKUP(A74,MAU!A:C,3,) -> 257 | G74: =D74/E74 -> 0.087719298 | H74: =D74/F74 -> 0.019455253
A75: =MONTH(C75) -> 9 | B75: =_xlfn.ISOWEEKNUM(C75) -> 37 | C75: 44816 | D75: 8 | E75: =VLOOKUP(B75,WAU!A:C,3,) -> 74 | F75: =VLOOKUP(A75,MAU!A:C,3,) -> 257 | G75: =D75/E75 -> 0.10810811 | H75: =D75/F75 -> 0.031128405 | J75: Метрики MAU, WAU, DAU примерно одинаковые с начала периода набдюдения по декарь 2022 года. Далее наблюдаем рост показателей.
A76: =MONTH(C76) -> 9 | B76: =_xlfn.ISOWEEKNUM(C76) -> 37 | C76: 44817 | D76: 9 | E76: =VLOOKUP(B76,WAU!A:C,3,) -> 74 | F76: =VLOOKUP(A76,MAU!A:C,3,) -> 257 | G76: =D76/E76 -> 0.12162162 | H76: =D76/F76 -> 0.035019455 | J76: В марте 2023 года после проведения Акции рост MAU, WAU, DAU становится ещё более занчительным.
A77: =MONTH(C77) -> 9 | B77: =_xlfn.ISOWEEKNUM(C77) -> 37 | C77: 44818 | D77: 10 | E77: =VLOOKUP(B77,WAU!A:C,3,) -> 74 | F77: =VLOOKUP(A77,MAU!A:C,3,) -> 257 | G77: =D77/E77 -> 0.13513514 | H77: =D77/F77 -> 0.038910506 | J77: StickyFactor становится более стабильным, без сильных перепадов.
A78: =MONTH(C78) -> 9 | B78: =_xlfn.ISOWEEKNUM(C78) -> 37 | C78: 44819 | D78: 13 | E78: =VLOOKUP(B78,WAU!A:C,3,) -> 74 | F78: =VLOOKUP(A78,MAU!A:C,3,) -> 257 | G78: =D78/E78 -> 0.17567568 | H78: =D78/F78 -> 0.050583658
A79: =MONTH(C79) -> 9 | B79: =_xlfn.ISOWEEKNUM(C79) -> 37 | C79: 44820 | D79: 16 | E79: =VLOOKUP(B79,WAU!A:C,3,) -> 74 | F79: =VLOOKUP(A79,MAU!A:C,3,) -> 257 | G79: =D79/E79 -> 0.21621622 | H79: =D79/F79 -> 0.062256809
A80: =MONTH(C80) -> 9 | B80: =_xlfn.ISOWEEKNUM(C80) -> 37 | C80: 44821 | D80: 10 | E80: =VLOOKUP(B80,WAU!A:C,3,) -> 74 | F80: =VLOOKUP(A80,MAU!A:C,3,) -> 257 | G80: =D80/E80 -> 0.13513514 | H80: =D80/F80 -> 0.038910506
A81: =MONTH(C81) -> 9 | B81: =_xlfn.ISOWEEKNUM(C81) -> 37 | C81: 44822 | D81: 8 | E81: =VLOOKUP(B81,WAU!A:C,3,) -> 74 | F81: =VLOOKUP(A81,MAU!A:C,3,) -> 257 | G81: =D81/E81 -> 0.10810811 | H81: =D81/F81 -> 0.031128405
A82: =MONTH(C82) -> 9 | B82: =_xlfn.ISOWEEKNUM(C82) -> 38 | C82: 44823 | D82: 7 | E82: =VLOOKUP(B82,WAU!A:C,3,) -> 53 | F82: =VLOOKUP(A82,MAU!A:C,3,) -> 257 | G82: =D82/E82 -> 0.13207547 | H82: =D82/F82 -> 0.027237354
A83: =MONTH(C83) -> 9 | B83: =_xlfn.ISOWEEKNUM(C83) -> 38 | C83: 44824 | D83: 4 | E83: =VLOOKUP(B83,WAU!A:C,3,) -> 53 | F83: =VLOOKUP(A83,MAU!A:C,3,) -> 257 | G83: =D83/E83 -> 0.075471698 | H83: =D83/F83 -> 0.015564202
A84: =MONTH(C84) -> 9 | B84: =_xlfn.ISOWEEKNUM(C84) -> 38 | C84: 44825 | D84: 9 | E84: =VLOOKUP(B84,WAU!A:C,3,) -> 53 | F84: =VLOOKUP(A84,MAU!A:C,3,) -> 257 | G84: =D84/E84 -> 0.16981132 | H84: =D84/F84 -> 0.035019455
A85: =MONTH(C85) -> 9 | B85: =_xlfn.ISOWEEKNUM(C85) -> 38 | C85: 44826 | D85: 9 | E85: =VLOOKUP(B85,WAU!A:C,3,) -> 53 | F85: =VLOOKUP(A85,MAU!A:C,3,) -> 257 | G85: =D85/E85 -> 0.16981132 | H85: =D85/F85 -> 0.035019455
A86: =MONTH(C86) -> 9 | B86: =_xlfn.ISOWEEKNUM(C86) -> 38 | C86: 44827 | D86: 7 | E86: =VLOOKUP(B86,WAU!A:C,3,) -> 53 | F86: =VLOOKUP(A86,MAU!A:C,3,) -> 257 | G86: =D86/E86 -> 0.13207547 | H86: =D86/F86 -> 0.027237354
A87: =MONTH(C87) -> 9 | B87: =_xlfn.ISOWEEKNUM(C87) -> 38 | C87: 44828 | D87: 11 | E87: =VLOOKUP(B87,WAU!A:C,3,) -> 53 | F87: =VLOOKUP(A87,MAU!A:C,3,) -> 257 | G87: =D87/E87 -> 0.20754717 | H87: =D87/F87 -> 0.042801556
A88: =MONTH(C88) -> 9 | B88: =_xlfn.ISOWEEKNUM(C88) -> 38 | C88: 44829 | D88: 6 | E88: =VLOOKUP(B88,WAU!A:C,3,) -> 53 | F88: =VLOOKUP(A88,MAU!A:C,3,) -> 257 | G88: =D88/E88 -> 0.11320755 | H88: =D88/F88 -> 0.023346304
A89: =MONTH(C89) -> 9 | B89: =_xlfn.ISOWEEKNUM(C89) -> 39 | C89: 44830 | D89: 7 | E89: =VLOOKUP(B89,WAU!A:C,3,) -> 61 | F89: =VLOOKUP(A89,MAU!A:C,3,) -> 257 | G89: =D89/E89 -> 0.1147541 | H89: =D89/F89 -> 0.027237354
... A274: =MONTH(C274) -> 3 | B274: =_xlfn.ISOWEEKNUM(C274) -> 13 | C274: 45015 | D274: 20 | E274: =VLOOKUP(B274,WAU!A:C,3,) -> 84 | F274: =VLOOKUP(A274,MAU!A:C,3,) -> 681 | G274: =D274/E274 -> 0.23809524 | H274: =D274/F274 -> 0.029368576
